key,value
x,aaaaaaaa
x,aaaaaaaa
x,aaaaaaaa
x,aaaaaaaa
x,aaaaaaaa
x,aaaaaaaa
x,aaaaaaaa
x,aaaaaaaa
x,aaaaaaaa
x,aaaaaaaa
x,aaaaaaaa
x,aaaaaaaa
x,aaaaaaaa
x,aaaaaaaa
x,aaaaaaaa
x,aaaaaaaa
x,aaaaaaaa
x,aaaaaaaa
x,aaaaaaaa
x,aaaaaaaa
x,aaaaaaaa
x,aaaaaaaa
x,aaaaaaaa
x,aaaaaaaa
x,aaaaaaaa
x,aaaaaaaa
x,aaaaaaaa
x,aaaaaaaa
x,aaaaaaaa
x,aaaaaaaa
x,aaaaaaaa
x,aaaaaaaa
x,aaaaaaaa
x,aaaaaaaa
x,aaaaaaaa
x,aaaaaaaa
x,aaaaaaaa
x,aaaaaaaa
x,aaaaaaaa
x,aaaaaaaa
x,aaaaaaaa
x,aaaaaaaa
x,aaaaaaaa
x,aaaaaaaa
x,aaaaaaaa
x,aaaaaaaa
x,aaaaaaaa
x,aaaaaaaa
x,aaaaaaaa
x,aaaaaaaa
x,aaaaaaaa
x,aaaaaaaa
x,aaaaaaaa
x,aaaaaaaa
x,aaaaaaaa
x,aaaaaaaa
x,aaaaaaaa
x,aaaaaaaa
x,aaaaaaaa
x,aaaaaaaa
x,aaaaaaaa
x,aaaaaaaa
x,aaaaaaaa
x,aaaaaaaa
x,aaaaaaaa
x,aaaaaaaa
x,aaaaaaaa
x,aaaaaaaa
x,aaaaaaaa
x,aaaaaaaa
x,aaaaaaaa
x,aaaaaaaa
x,aaaaaaaa
x,aaaaaaaa
x,aaaaaaaa
x,aaaaaaaa
x,aaaaaaaa
x,aaaaaaaa
x,aaaaaaaa
x,aaaaaaaa
x,aaaaaaaa
x,aaaaaaaa
x,aaaaaaaa
x,aaaaaaaa
x,aaaaaaaa
x,aaaaaaaa
x,aaaaaaaa
x,aaaaaaaa
x,aaaaaaaa
x,aaaaaaaa
x,aaaaaaaa
z,ppppppppp¡tail
